[
  {
    "model": "reportmanager.os",
    "pk": 1,
    "fields": {
      "name": "Windows"
    }
  },
  {
    "model": "reportmanager.os",
    "pk": 2,
    "fields": {
      "name": "Mac"
    }
  },
  {
    "model": "reportmanager.os",
    "pk": 3,
    "fields": {
      "name": "Linux"
    }
  },
  {
    "model": "reportmanager.os",
    "pk": 4,
    "fields": {
      "name": "Android"
    }
  },
  {
    "model": "reportmanager.breakagecategory",
    "pk": 1,
    "fields": {
      "value": "load"
    }
  },
  {
    "model": "reportmanager.breakagecategory",
    "pk": 2,
    "fields": {
      "value": "media"
    }
  },
  {
    "model": "reportmanager.breakagecategory",
    "pk": 3,
    "fields": {
      "value": "content"
    }
  },
  {
    "model": "reportmanager.breakagecategory",
    "pk": 4,
    "fields": {
      "value": "other"
    }
  },
  {
    "model": "reportmanager.breakagecategory",
    "pk": 5,
    "fields": {
      "value": "account"
    }
  },
  {
    "model": "reportmanager.breakagecategory",
    "pk": 6,
    "fields": {
      "value": "notsupported"
    }
  },
  {
    "model": "reportmanager.breakagecategory",
    "pk": 7,
    "fields": {
      "value": "checkout"
    }
  },
  {
    "model": "reportmanager.app",
    "pk": 1,
    "fields": {
      "name": "Firefox",
      "version": "148.0",
      "channel": "release"
    }
  },
  {
    "model": "reportmanager.app",
    "pk": 2,
    "fields": {
      "name": "Firefox",
      "version": "147.0.3",
      "channel": "release"
    }
  },
  {
    "model": "reportmanager.app",
    "pk": 3,
    "fields": {
      "name": "Firefox",
      "version": "134.0",
      "channel": "release"
    }
  },
  {
    "model": "reportmanager.bucket",
    "pk": 131189,
    "fields": {
      "bug": null,
      "color": null,
      "description": "www.joyn.de [Cluster 70854]",
      "domain": "www.joyn.de",
      "triage_status": null,
      "priority": 0,
      "signature": "{\"symptoms\": [{\"type\": \"url\", \"part\": \"hostname\", \"value\": \"www.joyn.de\"}]}",
      "reassign_in_progress": false,
      "cluster": 70854
    }
  },
  {
    "model": "reportmanager.bucket",
    "pk": 133162,
    "fields": {
      "bug": null,
      "color": null,
      "description": "www.filae.com [Cluster 72827]",
      "domain": "www.filae.com",
      "triage_status": null,
      "priority": 0,
      "signature": "{\"symptoms\": [{\"type\": \"url\", \"part\": \"hostname\", \"value\": \"www.filae.com\"}]}",
      "reassign_in_progress": false,
      "cluster": 72827
    }
  },
  {
    "model": "reportmanager.bucket",
    "pk": 132454,
    "fields": {
      "bug": null,
      "color": null,
      "description": "www.vicroads.vic.gov.au [Cluster 72119]",
      "domain": "www.vicroads.vic.gov.au",
      "triage_status": null,
      "priority": 0,
      "signature": "{\"symptoms\": [{\"type\": \"url\", \"part\": \"hostname\", \"value\": \"www.vicroads.vic.gov.au\"}]}",
      "reassign_in_progress": false,
      "cluster": 72119
    }
  },
  {
    "model": "reportmanager.bucket",
    "pk": 132456,
    "fields": {
      "bug": null,
      "color": null,
      "description": "www.vicroads.vic.gov.au [Cluster 72121]",
      "domain": "www.vicroads.vic.gov.au",
      "triage_status": null,
      "priority": 0,
      "signature": "{\"symptoms\": [{\"type\": \"url\", \"part\": \"hostname\", \"value\": \"www.vicroads.vic.gov.au\"}]}",
      "reassign_in_progress": false,
      "cluster": 72121
    }
  },
  {
    "model": "reportmanager.bucket",
    "pk": 152242,
    "fields": {
      "bug": null,
      "color": null,
      "description": "domain is www.vicroads.vic.gov.au",
      "domain": "www.vicroads.vic.gov.au",
      "triage_status": null,
      "priority": 0,
      "signature": "{\"symptoms\": [{\"type\": \"url\", \"part\": \"hostname\", \"value\": \"www.vicroads.vic.gov.au\"}]}",
      "reassign_in_progress": false,
      "cluster": null
    }
  },
  {
    "model": "reportmanager.bucket",
    "pk": 6281,
    "fields": {
      "bug": null,
      "color": null,
      "description": "domain is www.filae.com",
      "domain": "www.filae.com",
      "triage_status": null,
      "priority": 0,
      "signature": "{\"symptoms\": [{\"type\": \"url\", \"part\": \"hostname\", \"value\": \"www.filae.com\"}]}",
      "reassign_in_progress": false,
      "cluster": null
    }
  },
  {
    "model": "reportmanager.bucket",
    "pk": 1602,
    "fields": {
      "bug": null,
      "color": null,
      "description": "domain is www.joyn.de",
      "domain": "www.joyn.de",
      "triage_status": null,
      "priority": 0,
      "signature": "{\"symptoms\": [{\"type\": \"url\", \"part\": \"hostname\", \"value\": \"www.joyn.de\"}]}",
      "reassign_in_progress": false,
      "cluster": null
    }
  },
  {
    "model": "reportmanager.reportentry",
    "pk": 1000,
    "fields": {
      "app": 1,
      "breakage_category": 1,
      "bucket": 131189,
      "comments": "Der Videoplayer ladt nicht. Nur schwarzer Bildschirm.",
      "comments_translated": "The video player doesn't load. Only black screen.",
      "comments_original_language": "de",
      "comments_preprocessed": "the video player doesn't load. only black screen.",
      "details": {},
      "domain": "www.joyn.de",
      "ml_valid_probability": 0.842287540435791,
      "os": 1,
      "reported_at": "2026-04-26T20:49:10.235969+00:00",
      "url": "https://www.joyn.de/",
      "uuid": "f2378272-7fc1-44a8-9d90-bad82c65bb8a",
      "cluster": 70854
    }
  },
  {
    "model": "reportmanager.reportentry",
    "pk": 1001,
    "fields": {
      "app": 2,
      "breakage_category": 2,
      "bucket": 131189,
      "comments": "Video startet nicht, Player bleibt schwarz",
      "comments_translated": "Video doesn't start, player stays black",
      "comments_original_language": "de",
      "comments_preprocessed": "video doesn't start, player stays black",
      "details": {},
      "domain": "www.joyn.de",
      "ml_valid_probability": 0.9333918690681458,
      "os": 2,
      "reported_at": "2026-04-24T20:49:10.236113+00:00",
      "url": "https://www.joyn.de/",
      "uuid": "062c4982-af6c-4798-a097-6a2346e61143",
      "cluster": 70854
    }
  },
  {
    "model": "reportmanager.reportentry",
    "pk": 1002,
    "fields": {
      "app": 3,
      "breakage_category": 1,
      "bucket": 131189,
      "comments": "Schwarzer Screen beim Abspielen",
      "comments_translated": "Black screen when playing",
      "comments_original_language": "de",
      "comments_preprocessed": "black screen when playing",
      "details": {},
      "domain": "www.joyn.de",
      "ml_valid_probability": 0.6257511377334595,
      "os": 3,
      "reported_at": "2026-04-13T20:49:10.236123+00:00",
      "url": "https://www.joyn.de/",
      "uuid": "3f0e6818-89d3-49a9-ac82-376c8aebd49f",
      "cluster": 70854
    }
  },
  {
    "model": "reportmanager.reportentry",
    "pk": 1003,
    "fields": {
      "app": 1,
      "breakage_category": 2,
      "bucket": 131189,
      "comments": "Video wird auf Android nicht abgespielt",
      "comments_translated": "Video doesn't play on Android",
      "comments_original_language": "de",
      "comments_preprocessed": "video doesn't play on android",
      "details": {},
      "domain": "www.joyn.de",
      "ml_valid_probability": 0.8234567,
      "os": 4,
      "reported_at": "2026-03-28T20:49:10.236128+00:00",
      "url": "https://www.joyn.de/",
      "uuid": "4b391de7-20bf-4ea9-a6fc-3433adf39c9a",
      "cluster": 70854
    }
  },
  {
    "model": "reportmanager.reportentry",
    "pk": 1004,
    "fields": {
      "app": 1,
      "breakage_category": 3,
      "bucket": 133162,
      "comments": "La page ne charge pas correctement. Je dois actualiser plusieurs fois.",
      "comments_translated": "The page doesn't load correctly. I have to refresh multiple times.",
      "comments_original_language": "fr",
      "comments_preprocessed": "the page doesn't load correctly. i have to refresh multiple times.",
      "details": {},
      "domain": "www.filae.com",
      "ml_valid_probability": 0.9146597981452942,
      "os": 1,
      "reported_at": "2026-04-26T20:49:10.236134+00:00",
      "url": "https://www.filae.com/",
      "uuid": "cd7d703a-253e-4be5-ac08-5dfb9eabe53a",
      "cluster": 72827
    }
  },
  {
    "model": "reportmanager.reportentry",
    "pk": 1005,
    "fields": {
      "app": 2,
      "breakage_category": 4,
      "bucket": 133162,
      "comments": "Impossible d'ouvrir les images, page blanche affich\u00e9e",
      "comments_translated": "Unable to open images, blank page displayed",
      "comments_original_language": "fr",
      "comments_preprocessed": "unable to open images, blank page displayed",
      "details": {},
      "domain": "www.filae.com",
      "ml_valid_probability": 0.7248315811157227,
      "os": 2,
      "reported_at": "2026-04-24T20:49:10.236139+00:00",
      "url": "https://www.filae.com/",
      "uuid": "755ddf21-29f6-40d2-8455-14073c1a8f98",
      "cluster": 72827
    }
  },
  {
    "model": "reportmanager.reportentry",
    "pk": 1006,
    "fields": {
      "app": 3,
      "breakage_category": 1,
      "bucket": 133162,
      "comments": "En cliquant sur un lien, la page reste blanche",
      "comments_translated": "When clicking a link, the page stays blank",
      "comments_original_language": "fr",
      "comments_preprocessed": "when clicking a link, the page stays blank",
      "details": {},
      "domain": "www.filae.com",
      "ml_valid_probability": 0.9729971885681152,
      "os": 3,
      "reported_at": "2026-04-13T20:49:10.236145+00:00",
      "url": "https://www.filae.com/",
      "uuid": "edc9f65a-41e2-48fa-a7ba-810e65f856a1",
      "cluster": 72827
    }
  },
  {
    "model": "reportmanager.reportentry",
    "pk": 1007,
    "fields": {
      "app": 1,
      "breakage_category": 1,
      "bucket": 132454,
      "comments": "Site loads but clicking links does nothing",
      "comments_translated": "Site loads but clicking links does nothing",
      "comments_original_language": "en",
      "comments_preprocessed": "site loads but clicking links does nothing",
      "details": {},
      "domain": "www.vicroads.vic.gov.au",
      "ml_valid_probability": 0.9730769395828247,
      "os": 1,
      "reported_at": "2026-04-26T20:49:10.236151+00:00",
      "url": "https://www.vicroads.vic.gov.au/",
      "uuid": "ae62d555-ef69-4d35-89f5-55caf80d5492",
      "cluster": 72119
    }
  },
  {
    "model": "reportmanager.reportentry",
    "pk": 1008,
    "fields": {
      "app": 2,
      "breakage_category": 1,
      "bucket": 132454,
      "comments": "Cannot navigate the site, links are unresponsive",
      "comments_translated": "Cannot navigate the site, links are unresponsive",
      "comments_original_language": "en",
      "comments_preprocessed": "cannot navigate the site, links are unresponsive",
      "details": {},
      "domain": "www.vicroads.vic.gov.au",
      "ml_valid_probability": 0.9550638198852539,
      "os": 2,
      "reported_at": "2026-04-24T20:49:10.236156+00:00",
      "url": "https://www.vicroads.vic.gov.au/",
      "uuid": "df1d257f-1ca3-4659-9d74-1e283e394e5a",
      "cluster": 72119
    }
  },
  {
    "model": "reportmanager.reportentry",
    "pk": 1009,
    "fields": {
      "app": 3,
      "breakage_category": 4,
      "bucket": 132454,
      "comments": "Page reloads when selecting any option, can't get past home page",
      "comments_translated": "Page reloads when selecting any option, can't get past home page",
      "comments_original_language": "en",
      "comments_preprocessed": "page reloads when selecting any option, can't get past home page",
      "details": {},
      "domain": "www.vicroads.vic.gov.au",
      "ml_valid_probability": 0.5003429651260376,
      "os": 3,
      "reported_at": "2026-04-13T20:49:10.236160+00:00",
      "url": "https://www.vicroads.vic.gov.au/",
      "uuid": "8b7aec51-3651-4c95-8d34-2ddde192553e",
      "cluster": 72119
    }
  },
  {
    "model": "reportmanager.reportentry",
    "pk": 1010,
    "fields": {
      "app": 1,
      "breakage_category": 5,
      "bucket": 132456,
      "comments": "Login button redirects back to main page",
      "comments_translated": "Login button redirects back to main page",
      "comments_original_language": "en",
      "comments_preprocessed": "login button redirects back to main page",
      "details": {},
      "domain": "www.vicroads.vic.gov.au",
      "ml_valid_probability": 0.3770124912261963,
      "os": 1,
      "reported_at": "2026-04-26T20:49:10.236164+00:00",
      "url": "https://www.vicroads.vic.gov.au/",
      "uuid": "8d42e16c-ec8d-4477-9451-301f021967bf",
      "cluster": 72121
    }
  },
  {
    "model": "reportmanager.reportentry",
    "pk": 1011,
    "fields": {
      "app": 2,
      "breakage_category": 6,
      "bucket": 132456,
      "comments": "Can't access login page, works fine in Chrome",
      "comments_translated": "Can't access login page, works fine in Chrome",
      "comments_original_language": "en",
      "comments_preprocessed": "can't access login page, works fine in chrome",
      "details": {},
      "domain": "www.vicroads.vic.gov.au",
      "ml_valid_probability": 0.9809913039207458,
      "os": 2,
      "reported_at": "2026-04-24T20:49:10.236168+00:00",
      "url": "https://www.vicroads.vic.gov.au/",
      "uuid": "f4bd6970-4acd-46bc-98fc-0325937a2e66",
      "cluster": 72121
    }
  },
  {
    "model": "reportmanager.reportentry",
    "pk": 1012,
    "fields": {
      "app": 1,
      "breakage_category": 5,
      "bucket": 152242,
      "comments": "",
      "comments_translated": "",
      "comments_original_language": null,
      "comments_preprocessed": "",
      "details": {},
      "domain": "www.vicroads.vic.gov.au",
      "ml_valid_probability": null,
      "os": 1,
      "reported_at": "2026-04-26T20:49:10.236172+00:00",
      "url": "https://www.vicroads.vic.gov.au/",
      "uuid": "dc4fc67b-0066-49de-9839-0be1efbf9f60",
      "cluster": null
    }
  },
  {
    "model": "reportmanager.reportentry",
    "pk": 1013,
    "fields": {
      "app": 2,
      "breakage_category": 7,
      "bucket": 152242,
      "comments": "",
      "comments_translated": "",
      "comments_original_language": null,
      "comments_preprocessed": "",
      "details": {},
      "domain": "www.vicroads.vic.gov.au",
      "ml_valid_probability": null,
      "os": 2,
      "reported_at": "2026-04-24T20:49:10.236177+00:00",
      "url": "https://www.vicroads.vic.gov.au/",
      "uuid": "caa6248e-ea02-4e49-9d08-cd711d875172",
      "cluster": null
    }
  },
  {
    "model": "reportmanager.reportentry",
    "pk": 1014,
    "fields": {
      "app": 3,
      "breakage_category": 5,
      "bucket": 152242,
      "comments": "",
      "comments_translated": "",
      "comments_original_language": null,
      "comments_preprocessed": "",
      "details": {},
      "domain": "www.vicroads.vic.gov.au",
      "ml_valid_probability": null,
      "os": 3,
      "reported_at": "2026-04-13T20:49:10.236182+00:00",
      "url": "https://www.vicroads.vic.gov.au/",
      "uuid": "2ed42919-9659-4ce0-9682-7cb03e1d3b35",
      "cluster": null
    }
  },
  {
    "model": "reportmanager.reportentry",
    "pk": 1015,
    "fields": {
      "app": 1,
      "breakage_category": 5,
      "bucket": 152242,
      "comments": "",
      "comments_translated": "",
      "comments_original_language": null,
      "comments_preprocessed": "",
      "details": {},
      "domain": "www.vicroads.vic.gov.au",
      "ml_valid_probability": null,
      "os": 4,
      "reported_at": "2026-03-28T20:49:10.236186+00:00",
      "url": "https://www.vicroads.vic.gov.au/",
      "uuid": "57dfbcc6-b5bb-45c2-8098-5dde3443e26f",
      "cluster": null
    }
  },
  {
    "model": "reportmanager.reportentry",
    "pk": 1016,
    "fields": {
      "app": 1,
      "breakage_category": 1,
      "bucket": 6281,
      "comments": "",
      "comments_translated": "",
      "comments_original_language": null,
      "comments_preprocessed": "",
      "details": {},
      "domain": "www.filae.com",
      "ml_valid_probability": null,
      "os": 1,
      "reported_at": "2026-04-26T20:49:10.236189+00:00",
      "url": "https://www.filae.com/",
      "uuid": "739727cb-c435-4a22-b4db-0c6f9d13a64f",
      "cluster": null
    }
  },
  {
    "model": "reportmanager.reportentry",
    "pk": 1017,
    "fields": {
      "app": 1,
      "breakage_category": 2,
      "bucket": 1602,
      "comments": "",
      "comments_translated": "",
      "comments_original_language": null,
      "comments_preprocessed": "",
      "details": {},
      "domain": "www.joyn.de",
      "ml_valid_probability": null,
      "os": 1,
      "reported_at": "2026-04-26T20:49:10.236193+00:00",
      "url": "https://www.joyn.de/",
      "uuid": "e4ea6f6d-4e26-48ee-a521-8a5f01190ead",
      "cluster": null
    }
  },
  {
    "model": "reportmanager.reportentry",
    "pk": 1018,
    "fields": {
      "app": 2,
      "breakage_category": 2,
      "bucket": 1602,
      "comments": "",
      "comments_translated": "",
      "comments_original_language": null,
      "comments_preprocessed": "",
      "details": {},
      "domain": "www.joyn.de",
      "ml_valid_probability": null,
      "os": 2,
      "reported_at": "2026-04-24T20:49:10.236196+00:00",
      "url": "https://www.joyn.de/",
      "uuid": "9719ec6e-ede8-44a6-8d79-2d5c9f16583a",
      "cluster": null
    }
  },
  {
    "model": "reportmanager.cluster",
    "pk": 70854,
    "fields": {
      "domain": "www.joyn.de",
      "centroid": 1000
    }
  },
  {
    "model": "reportmanager.cluster",
    "pk": 72827,
    "fields": {
      "domain": "www.filae.com",
      "centroid": 1004
    }
  },
  {
    "model": "reportmanager.cluster",
    "pk": 72119,
    "fields": {
      "domain": "www.vicroads.vic.gov.au",
      "centroid": 1007
    }
  },
  {
    "model": "reportmanager.cluster",
    "pk": 72121,
    "fields": {
      "domain": "www.vicroads.vic.gov.au",
      "centroid": 1010
    }
  }
]