[
  {
    "model": "reportmanager.os",
    "pk": 1,
    "fields": {
      "name": "Windows"
    }
  },
  {
    "model": "reportmanager.os",
    "pk": 2,
    "fields": {
      "name": "Mac"
    }
  },
  {
    "model": "reportmanager.os",
    "pk": 3,
    "fields": {
      "name": "Linux"
    }
  },
  {
    "model": "reportmanager.os",
    "pk": 4,
    "fields": {
      "name": "Android"
    }
  },
  {
    "model": "reportmanager.breakagecategory",
    "pk": 1,
    "fields": {
      "value": "load"
    }
  },
  {
    "model": "reportmanager.breakagecategory",
    "pk": 2,
    "fields": {
      "value": "media"
    }
  },
  {
    "model": "reportmanager.breakagecategory",
    "pk": 3,
    "fields": {
      "value": "content"
    }
  },
  {
    "model": "reportmanager.breakagecategory",
    "pk": 4,
    "fields": {
      "value": "other"
    }
  },
  {
    "model": "reportmanager.breakagecategory",
    "pk": 5,
    "fields": {
      "value": "account"
    }
  },
  {
    "model": "reportmanager.breakagecategory",
    "pk": 6,
    "fields": {
      "value": "notsupported"
    }
  },
  {
    "model": "reportmanager.breakagecategory",
    "pk": 7,
    "fields": {
      "value": "checkout"
    }
  },
  {
    "model": "reportmanager.app",
    "pk": 1,
    "fields": {
      "name": "Firefox",
      "version": "148.0",
      "channel": "release"
    }
  },
  {
    "model": "reportmanager.app",
    "pk": 2,
    "fields": {
      "name": "Firefox",
      "version": "147.0.3",
      "channel": "release"
    }
  },
  {
    "model": "reportmanager.app",
    "pk": 3,
    "fields": {
      "name": "Firefox",
      "version": "134.0",
      "channel": "release"
    }
  },
  {
    "model": "reportmanager.bucket",
    "pk": 131189,
    "fields": {
      "bug": null,
      "color": null,
      "description": "www.joyn.de [Cluster 70854]",
      "domain": "www.joyn.de",
      "triage_status": null,
      "triaged_at": null,
      "priority": 0,
      "signature": "{\"symptoms\": [{\"type\": \"url\", \"part\": \"hostname\", \"value\": \"www.joyn.de\"}]}",
      "reassign_in_progress": false,
      "cluster": 70854
    }
  },
  {
    "model": "reportmanager.bucket",
    "pk": 133162,
    "fields": {
      "bug": null,
      "color": null,
      "description": "www.filae.com [Cluster 72827]",
      "domain": "www.filae.com",
      "triage_status": null,
      "triaged_at": null,
      "priority": 0,
      "signature": "{\"symptoms\": [{\"type\": \"url\", \"part\": \"hostname\", \"value\": \"www.filae.com\"}]}",
      "reassign_in_progress": false,
      "cluster": 72827
    }
  },
  {
    "model": "reportmanager.bucket",
    "pk": 132454,
    "fields": {
      "bug": null,
      "color": null,
      "description": "www.vicroads.vic.gov.au [Cluster 72119]",
      "domain": "www.vicroads.vic.gov.au",
      "triage_status": null,
      "triaged_at": null,
      "priority": 0,
      "signature": "{\"symptoms\": [{\"type\": \"url\", \"part\": \"hostname\", \"value\": \"www.vicroads.vic.gov.au\"}]}",
      "reassign_in_progress": false,
      "cluster": 72119
    }
  },
  {
    "model": "reportmanager.bucket",
    "pk": 132456,
    "fields": {
      "bug": null,
      "color": null,
      "description": "www.vicroads.vic.gov.au [Cluster 72121]",
      "domain": "www.vicroads.vic.gov.au",
      "triage_status": null,
      "triaged_at": null,
      "priority": 0,
      "signature": "{\"symptoms\": [{\"type\": \"url\", \"part\": \"hostname\", \"value\": \"www.vicroads.vic.gov.au\"}]}",
      "reassign_in_progress": false,
      "cluster": 72121
    }
  },
  {
    "model": "reportmanager.bucket",
    "pk": 152242,
    "fields": {
      "bug": null,
      "color": null,
      "description": "domain is www.vicroads.vic.gov.au",
      "domain": "www.vicroads.vic.gov.au",
      "triage_status": null,
      "triaged_at": null,
      "priority": 0,
      "signature": "{\"symptoms\": [{\"type\": \"url\", \"part\": \"hostname\", \"value\": \"www.vicroads.vic.gov.au\"}]}",
      "reassign_in_progress": false,
      "cluster": null
    }
  },
  {
    "model": "reportmanager.bucket",
    "pk": 6281,
    "fields": {
      "bug": null,
      "color": null,
      "description": "domain is www.filae.com",
      "domain": "www.filae.com",
      "triage_status": null,
      "triaged_at": null,
      "priority": 0,
      "signature": "{\"symptoms\": [{\"type\": \"url\", \"part\": \"hostname\", \"value\": \"www.filae.com\"}]}",
      "reassign_in_progress": false,
      "cluster": null
    }
  },
  {
    "model": "reportmanager.bucket",
    "pk": 1602,
    "fields": {
      "bug": null,
      "color": null,
      "description": "domain is www.joyn.de",
      "domain": "www.joyn.de",
      "triage_status": null,
      "triaged_at": null,
      "priority": 0,
      "signature": "{\"symptoms\": [{\"type\": \"url\", \"part\": \"hostname\", \"value\": \"www.joyn.de\"}]}",
      "reassign_in_progress": false,
      "cluster": null
    }
  },
  {
    "model": "reportmanager.bucket",
    "pk": 999999,
    "fields": {
      "bug": null,
      "color": null,
      "description": "www.example-triaged.com [Cluster 99999]",
      "domain": "www.example-triaged.com",
      "triage_status": "worksforme",
      "triaged_at": "2026-04-10T18:05:00+00:00",
      "priority": 0,
      "signature": "{\"symptoms\": [{\"type\": \"url\", \"part\": \"hostname\", \"value\": \"www.example-triaged.com\"}]}",
      "reassign_in_progress": false,
      "cluster": 99999
    }
  },
  {
    "model": "reportmanager.bucket",
    "pk": 888888,
    "fields": {
      "bug": null,
      "color": null,
      "description": "www.example-spike.com [Cluster 88888]",
      "domain": "www.example-spike.com",
      "triage_status": null,
      "triaged_at": "2026-04-10T18:05:00+00:00",
      "priority": 0,
      "signature": "{\"symptoms\": [{\"type\": \"url\", \"part\": \"hostname\", \"value\": \"www.example-spike.com\"}]}",
      "reassign_in_progress": false,
      "cluster": 88888
    }
  },
  {
    "model": "reportmanager.reportentry",
    "pk": 1000,
    "fields": {
      "app": 1,
      "breakage_category": 1,
      "bucket": 131189,
      "comments": "Der Videoplayer ladt nicht. Nur schwarzer Bildschirm.",
      "comments_translated": "The video player doesn't load. Only black screen.",
      "comments_original_language": "de",
      "comments_preprocessed": "the video player doesn't load. only black screen.",
      "details": {},
      "domain": "www.joyn.de",
      "ml_valid_probability": 0.842287540435791,
      "os": 1,
      "reported_at": "2026-04-14T18:05:00+00:00",
      "url": "https://www.joyn.de/",
      "uuid": "00000000-0000-0000-0000-000000001000",
      "cluster": 70854
    }
  },
  {
    "model": "reportmanager.reportentry",
    "pk": 1001,
    "fields": {
      "app": 2,
      "breakage_category": 2,
      "bucket": 131189,
      "comments": "Video startet nicht, Player bleibt schwarz",
      "comments_translated": "Video doesn't start, player stays black",
      "comments_original_language": "de",
      "comments_preprocessed": "video doesn't start, player stays black",
      "details": {},
      "domain": "www.joyn.de",
      "ml_valid_probability": 0.9333918690681458,
      "os": 2,
      "reported_at": "2026-04-12T18:05:00+00:00",
      "url": "https://www.joyn.de/",
      "uuid": "00000000-0000-0000-0000-000000001001",
      "cluster": 70854
    }
  },
  {
    "model": "reportmanager.reportentry",
    "pk": 1002,
    "fields": {
      "app": 3,
      "breakage_category": 1,
      "bucket": 131189,
      "comments": "Schwarzer Screen beim Abspielen",
      "comments_translated": "Black screen when playing",
      "comments_original_language": "de",
      "comments_preprocessed": "black screen when playing",
      "details": {},
      "domain": "www.joyn.de",
      "ml_valid_probability": 0.6257511377334595,
      "os": 3,
      "reported_at": "2026-04-01T18:05:00+00:00",
      "url": "https://www.joyn.de/",
      "uuid": "00000000-0000-0000-0000-000000001002",
      "cluster": 70854
    }
  },
  {
    "model": "reportmanager.reportentry",
    "pk": 1003,
    "fields": {
      "app": 1,
      "breakage_category": 2,
      "bucket": 131189,
      "comments": "Video wird auf Android nicht abgespielt",
      "comments_translated": "Video doesn't play on Android",
      "comments_original_language": "de",
      "comments_preprocessed": "video doesn't play on android",
      "details": {},
      "domain": "www.joyn.de",
      "ml_valid_probability": 0.8234567,
      "os": 4,
      "reported_at": "2026-03-16T18:05:00+00:00",
      "url": "https://www.joyn.de/",
      "uuid": "00000000-0000-0000-0000-000000001003",
      "cluster": 70854
    }
  },
  {
    "model": "reportmanager.reportentry",
    "pk": 1004,
    "fields": {
      "app": 1,
      "breakage_category": 3,
      "bucket": 133162,
      "comments": "La page ne charge pas correctement. Je dois actualiser plusieurs fois.",
      "comments_translated": "The page doesn't load correctly. I have to refresh multiple times.",
      "comments_original_language": "fr",
      "comments_preprocessed": "the page doesn't load correctly. i have to refresh multiple times.",
      "details": {},
      "domain": "www.filae.com",
      "ml_valid_probability": 0.9146597981452942,
      "os": 1,
      "reported_at": "2026-04-14T18:05:00+00:00",
      "url": "https://www.filae.com/",
      "uuid": "00000000-0000-0000-0000-000000001004",
      "cluster": 72827
    }
  },
  {
    "model": "reportmanager.reportentry",
    "pk": 1005,
    "fields": {
      "app": 2,
      "breakage_category": 4,
      "bucket": 133162,
      "comments": "Impossible d'ouvrir les images, page blanche affich\u00e9e",
      "comments_translated": "Unable to open images, blank page displayed",
      "comments_original_language": "fr",
      "comments_preprocessed": "unable to open images, blank page displayed",
      "details": {},
      "domain": "www.filae.com",
      "ml_valid_probability": 0.7248315811157227,
      "os": 2,
      "reported_at": "2026-04-12T18:05:00+00:00",
      "url": "https://www.filae.com/",
      "uuid": "00000000-0000-0000-0000-000000001005",
      "cluster": 72827
    }
  },
  {
    "model": "reportmanager.reportentry",
    "pk": 1006,
    "fields": {
      "app": 3,
      "breakage_category": 1,
      "bucket": 133162,
      "comments": "En cliquant sur un lien, la page reste blanche",
      "comments_translated": "When clicking a link, the page stays blank",
      "comments_original_language": "fr",
      "comments_preprocessed": "when clicking a link, the page stays blank",
      "details": {},
      "domain": "www.filae.com",
      "ml_valid_probability": 0.9729971885681152,
      "os": 3,
      "reported_at": "2026-04-01T18:05:00+00:00",
      "url": "https://www.filae.com/",
      "uuid": "00000000-0000-0000-0000-000000001006",
      "cluster": 72827
    }
  },
  {
    "model": "reportmanager.reportentry",
    "pk": 1007,
    "fields": {
      "app": 1,
      "breakage_category": 1,
      "bucket": 132454,
      "comments": "Site loads but clicking links does nothing",
      "comments_translated": "Site loads but clicking links does nothing",
      "comments_original_language": "en",
      "comments_preprocessed": "site loads but clicking links does nothing",
      "details": {},
      "domain": "www.vicroads.vic.gov.au",
      "ml_valid_probability": 0.9730769395828247,
      "os": 1,
      "reported_at": "2026-04-14T18:05:00+00:00",
      "url": "https://www.vicroads.vic.gov.au/",
      "uuid": "00000000-0000-0000-0000-000000001007",
      "cluster": 72119
    }
  },
  {
    "model": "reportmanager.reportentry",
    "pk": 1008,
    "fields": {
      "app": 2,
      "breakage_category": 1,
      "bucket": 132454,
      "comments": "Cannot navigate the site, links are unresponsive",
      "comments_translated": "Cannot navigate the site, links are unresponsive",
      "comments_original_language": "en",
      "comments_preprocessed": "cannot navigate the site, links are unresponsive",
      "details": {},
      "domain": "www.vicroads.vic.gov.au",
      "ml_valid_probability": 0.9550638198852539,
      "os": 2,
      "reported_at": "2026-04-12T18:05:00+00:00",
      "url": "https://www.vicroads.vic.gov.au/",
      "uuid": "00000000-0000-0000-0000-000000001008",
      "cluster": 72119
    }
  },
  {
    "model": "reportmanager.reportentry",
    "pk": 1009,
    "fields": {
      "app": 3,
      "breakage_category": 4,
      "bucket": 132454,
      "comments": "Page reloads when selecting any option, can't get past home page",
      "comments_translated": "Page reloads when selecting any option, can't get past home page",
      "comments_original_language": "en",
      "comments_preprocessed": "page reloads when selecting any option, can't get past home page",
      "details": {},
      "domain": "www.vicroads.vic.gov.au",
      "ml_valid_probability": 0.5003429651260376,
      "os": 3,
      "reported_at": "2026-04-01T18:05:00+00:00",
      "url": "https://www.vicroads.vic.gov.au/",
      "uuid": "00000000-0000-0000-0000-000000001009",
      "cluster": 72119
    }
  },
  {
    "model": "reportmanager.reportentry",
    "pk": 1010,
    "fields": {
      "app": 1,
      "breakage_category": 5,
      "bucket": 132456,
      "comments": "Login button redirects back to main page",
      "comments_translated": "Login button redirects back to main page",
      "comments_original_language": "en",
      "comments_preprocessed": "login button redirects back to main page",
      "details": {},
      "domain": "www.vicroads.vic.gov.au",
      "ml_valid_probability": 0.3770124912261963,
      "os": 1,
      "reported_at": "2026-04-14T18:05:00+00:00",
      "url": "https://www.vicroads.vic.gov.au/",
      "uuid": "00000000-0000-0000-0000-000000001010",
      "cluster": 72121
    }
  },
  {
    "model": "reportmanager.reportentry",
    "pk": 1011,
    "fields": {
      "app": 2,
      "breakage_category": 6,
      "bucket": 132456,
      "comments": "Can't access login page, works fine in Chrome",
      "comments_translated": "Can't access login page, works fine in Chrome",
      "comments_original_language": "en",
      "comments_preprocessed": "can't access login page, works fine in chrome",
      "details": {},
      "domain": "www.vicroads.vic.gov.au",
      "ml_valid_probability": 0.9809913039207458,
      "os": 2,
      "reported_at": "2026-04-12T18:05:00+00:00",
      "url": "https://www.vicroads.vic.gov.au/",
      "uuid": "00000000-0000-0000-0000-000000001011",
      "cluster": 72121
    }
  },
  {
    "model": "reportmanager.reportentry",
    "pk": 1012,
    "fields": {
      "app": 1,
      "breakage_category": 5,
      "bucket": 152242,
      "comments": "",
      "comments_translated": "",
      "comments_original_language": null,
      "comments_preprocessed": "",
      "details": {},
      "domain": "www.vicroads.vic.gov.au",
      "ml_valid_probability": null,
      "os": 1,
      "reported_at": "2026-04-14T18:05:00+00:00",
      "url": "https://www.vicroads.vic.gov.au/",
      "uuid": "00000000-0000-0000-0000-000000001012",
      "cluster": null
    }
  },
  {
    "model": "reportmanager.reportentry",
    "pk": 1013,
    "fields": {
      "app": 2,
      "breakage_category": 7,
      "bucket": 152242,
      "comments": "",
      "comments_translated": "",
      "comments_original_language": null,
      "comments_preprocessed": "",
      "details": {},
      "domain": "www.vicroads.vic.gov.au",
      "ml_valid_probability": null,
      "os": 2,
      "reported_at": "2026-04-12T18:05:00+00:00",
      "url": "https://www.vicroads.vic.gov.au/",
      "uuid": "00000000-0000-0000-0000-000000001013",
      "cluster": null
    }
  },
  {
    "model": "reportmanager.reportentry",
    "pk": 1014,
    "fields": {
      "app": 3,
      "breakage_category": 5,
      "bucket": 152242,
      "comments": "",
      "comments_translated": "",
      "comments_original_language": null,
      "comments_preprocessed": "",
      "details": {},
      "domain": "www.vicroads.vic.gov.au",
      "ml_valid_probability": null,
      "os": 3,
      "reported_at": "2026-04-01T18:05:00+00:00",
      "url": "https://www.vicroads.vic.gov.au/",
      "uuid": "00000000-0000-0000-0000-000000001014",
      "cluster": null
    }
  },
  {
    "model": "reportmanager.reportentry",
    "pk": 1015,
    "fields": {
      "app": 1,
      "breakage_category": 5,
      "bucket": 152242,
      "comments": "",
      "comments_translated": "",
      "comments_original_language": null,
      "comments_preprocessed": "",
      "details": {},
      "domain": "www.vicroads.vic.gov.au",
      "ml_valid_probability": null,
      "os": 4,
      "reported_at": "2026-03-16T18:05:00+00:00",
      "url": "https://www.vicroads.vic.gov.au/",
      "uuid": "00000000-0000-0000-0000-000000001015",
      "cluster": null
    }
  },
  {
    "model": "reportmanager.reportentry",
    "pk": 1016,
    "fields": {
      "app": 1,
      "breakage_category": 1,
      "bucket": 6281,
      "comments": "",
      "comments_translated": "",
      "comments_original_language": null,
      "comments_preprocessed": "",
      "details": {},
      "domain": "www.filae.com",
      "ml_valid_probability": null,
      "os": 1,
      "reported_at": "2026-04-14T18:05:00+00:00",
      "url": "https://www.filae.com/",
      "uuid": "00000000-0000-0000-0000-000000001016",
      "cluster": null
    }
  },
  {
    "model": "reportmanager.reportentry",
    "pk": 1017,
    "fields": {
      "app": 1,
      "breakage_category": 2,
      "bucket": 1602,
      "comments": "",
      "comments_translated": "",
      "comments_original_language": null,
      "comments_preprocessed": "",
      "details": {},
      "domain": "www.joyn.de",
      "ml_valid_probability": null,
      "os": 1,
      "reported_at": "2026-04-14T18:05:00+00:00",
      "url": "https://www.joyn.de/",
      "uuid": "00000000-0000-0000-0000-000000001017",
      "cluster": null
    }
  },
  {
    "model": "reportmanager.reportentry",
    "pk": 1018,
    "fields": {
      "app": 2,
      "breakage_category": 2,
      "bucket": 1602,
      "comments": "",
      "comments_translated": "",
      "comments_original_language": null,
      "comments_preprocessed": "",
      "details": {},
      "domain": "www.joyn.de",
      "ml_valid_probability": null,
      "os": 2,
      "reported_at": "2026-04-12T18:05:00+00:00",
      "url": "https://www.joyn.de/",
      "uuid": "00000000-0000-0000-0000-000000001018",
      "cluster": null
    }
  },
  {
    "model": "reportmanager.reportentry",
    "pk": 1019,
    "fields": {
      "app": 1,
      "breakage_category": 1,
      "bucket": 999999,
      "comments": "Site is broken on Firefox",
      "comments_translated": "Site is broken on Firefox",
      "comments_original_language": "en",
      "comments_preprocessed": "site is broken on firefox",
      "details": {},
      "domain": "www.example-triaged.com",
      "ml_valid_probability": 0.9,
      "os": 1,
      "reported_at": "2026-04-14T18:05:00+00:00",
      "url": "https://www.example-triaged.com/",
      "uuid": "00000000-0000-0000-0000-000000001019",
      "cluster": 99999
    }
  },
  {
    "model": "reportmanager.reportentry",
    "pk": 1020,
    "fields": {
      "app": 2,
      "breakage_category": 1,
      "bucket": 999999,
      "comments": "Page not working as expected",
      "comments_translated": "Page not working as expected",
      "comments_original_language": "en",
      "comments_preprocessed": "page not working as expected",
      "details": {},
      "domain": "www.example-triaged.com",
      "ml_valid_probability": 0.85,
      "os": 2,
      "reported_at": "2026-04-12T18:05:00+00:00",
      "url": "https://www.example-triaged.com/",
      "uuid": "00000000-0000-0000-0000-000000001020",
      "cluster": 99999
    }
  },
  {
    "model": "reportmanager.reportentry",
    "pk": 1021,
    "fields": {
      "app": 1,
      "breakage_category": 1,
      "bucket": 888888,
      "comments": "Old report before triage",
      "comments_translated": "Old report before triage",
      "comments_original_language": "en",
      "comments_preprocessed": "old report before triage",
      "details": {},
      "domain": "www.example-spike.com",
      "ml_valid_probability": 0.9,
      "os": 1,
      "reported_at": "2026-04-08T18:05:00+00:00",
      "url": "https://www.example-spike.com/",
      "uuid": "00000000-0000-0000-0000-000000001021",
      "cluster": 88888
    }
  },
  {
    "model": "reportmanager.reportentry",
    "pk": 1022,
    "fields": {
      "app": 2,
      "breakage_category": 1,
      "bucket": 888888,
      "comments": "New report after spike untriage",
      "comments_translated": "New report after spike untriage",
      "comments_original_language": "en",
      "comments_preprocessed": "new report after spike untriage",
      "details": {},
      "domain": "www.example-spike.com",
      "ml_valid_probability": 0.88,
      "os": 2,
      "reported_at": "2026-04-12T18:05:00+00:00",
      "url": "https://www.example-spike.com/",
      "uuid": "00000000-0000-0000-0000-000000001022",
      "cluster": 88888
    }
  },
  {
    "model": "reportmanager.reportentry",
    "pk": 1023,
    "fields": {
      "app": 3,
      "breakage_category": 2,
      "bucket": 888888,
      "comments": "Another new report after spike untriage",
      "comments_translated": "Another new report after spike untriage",
      "comments_original_language": "en",
      "comments_preprocessed": "another new report after spike untriage",
      "details": {},
      "domain": "www.example-spike.com",
      "ml_valid_probability": 0.85,
      "os": 3,
      "reported_at": "2026-04-14T18:05:00+00:00",
      "url": "https://www.example-spike.com/",
      "uuid": "00000000-0000-0000-0000-000000001023",
      "cluster": 88888
    }
  },
  {
    "model": "reportmanager.cluster",
    "pk": 70854,
    "fields": {
      "domain": "www.joyn.de",
      "centroid": 1000
    }
  },
  {
    "model": "reportmanager.cluster",
    "pk": 72827,
    "fields": {
      "domain": "www.filae.com",
      "centroid": 1004
    }
  },
  {
    "model": "reportmanager.cluster",
    "pk": 72119,
    "fields": {
      "domain": "www.vicroads.vic.gov.au",
      "centroid": 1007
    }
  },
  {
    "model": "reportmanager.cluster",
    "pk": 72121,
    "fields": {
      "domain": "www.vicroads.vic.gov.au",
      "centroid": 1010
    }
  },
  {
    "model": "reportmanager.cluster",
    "pk": 99999,
    "fields": {
      "domain": "www.example-triaged.com",
      "centroid": 1019
    }
  },
  {
    "model": "reportmanager.cluster",
    "pk": 88888,
    "fields": {
      "domain": "www.example-spike.com",
      "centroid": 1021
    }
  }
]